{
    "loss": [
        0.1389557123184204,
        0.11251609027385712,
        0.08792846649885178,
        0.06448915600776672,
        0.04198708385229111,
        0.02796732634305954,
        0.024154266342520714,
        0.02623196505010128,
        0.02394697442650795,
        0.02243036963045597,
        0.02251719869673252,
        0.022465946152806282,
        0.021829504519701004,
        0.021154917776584625,
        0.020133303478360176
    ],
    "mae": [
        0.3067309856414795,
        0.26791810989379883,
        0.22546803951263428,
        0.1863492727279663,
        0.14835381507873535,
        0.12886592745780945,
        0.13192206621170044,
        0.14015020430088043,
        0.13324250280857086,
        0.12729479372501373,
        0.12484222650527954,
        0.12357073277235031,
        0.12326457351446152,
        0.12178956717252731,
        0.11891715973615646
    ],
    "val_loss": [
        0.04805493727326393,
        0.03401245176792145,
        0.021608712151646614,
        0.011970997788012028,
        0.007205539848655462,
        0.010007998906075954,
        0.01793481968343258,
        0.018652012571692467,
        0.013712693005800247,
        0.009948688559234142,
        0.008741221390664577,
        0.008756429888308048,
        0.009357812814414501,
        0.009341920726001263,
        0.009786653332412243
    ],
    "val_mae": [
        0.19202816486358643,
        0.15430022776126862,
        0.11164680123329163,
        0.08053964376449585,
        0.06942952424287796,
        0.09024041891098022,
        0.11980217695236206,
        0.12217583507299423,
        0.10524314641952515,
        0.0904562771320343,
        0.08564051240682602,
        0.08579614013433456,
        0.08820687979459763,
        0.08807649463415146,
        0.08964648097753525
    ]
}