{
    "loss": [
        0.037564750760793686,
        0.025818627327680588,
        0.01782074384391308,
        0.013456889428198338,
        0.012394857592880726,
        0.012707965448498726,
        0.012335486710071564,
        0.011515705846250057,
        0.011001473292708397,
        0.0109638636931777,
        0.010561895556747913
    ],
    "mae": [
        0.14525243639945984,
        0.10989684611558914,
        0.08821190893650055,
        0.08017931133508682,
        0.08473575115203857,
        0.08851819485425949,
        0.08487901091575623,
        0.07848820835351944,
        0.07500296086072922,
        0.07397210597991943,
        0.07382334768772125
    ],
    "val_loss": [
        0.0007060084608383477,
        0.0017045913264155388,
        0.0052773430943489075,
        0.011068299412727356,
        0.014953059144318104,
        0.014159520156681538,
        0.010659467428922653,
        0.007844517938792706,
        0.00648300489410758,
        0.00602751737460494,
        0.005996976047754288
    ],
    "val_mae": [
        0.020971322432160378,
        0.03761926293373108,
        0.06851493567228317,
        0.10257595032453537,
        0.12015006691217422,
        0.11685464531183243,
        0.10079506039619446,
        0.08572578430175781,
        0.07744113355875015,
        0.07452207058668137,
        0.07439693063497543
    ]
}