{
    "loss": [
        0.020009012892842293,
        0.011708396486938,
        0.006814433261752129,
        0.005815264768898487,
        0.005963632836937904,
        0.005498692858964205,
        0.005413847044110298,
        0.005309480242431164,
        0.004996174480766058,
        0.004898590035736561,
        0.004847085569053888,
        0.004791333805769682
    ],
    "mae": [
        0.11380218714475632,
        0.08376213908195496,
        0.0624658465385437,
        0.06209947541356087,
        0.06474662572145462,
        0.06059981510043144,
        0.056961823254823685,
        0.05576411262154579,
        0.055359553545713425,
        0.05465570092201233,
        0.05384330078959465,
        0.052887603640556335
    ],
    "val_loss": [
        0.003313266672194004,
        0.001557797659188509,
        0.003062023315578699,
        0.00537838414311409,
        0.004414629656821489,
        0.002775939181447029,
        0.002101275371387601,
        0.0021830277983099222,
        0.00243536033667624,
        0.0023186439648270607,
        0.002098183147609234,
        0.0019161710515618324
    ],
    "val_mae": [
        0.04684733971953392,
        0.02918786182999611,
        0.04683266580104828,
        0.06651685386896133,
        0.059439610689878464,
        0.044589605182409286,
        0.03823030740022659,
        0.038800258189439774,
        0.04156867787241936,
        0.0404684841632843,
        0.03827610984444618,
        0.036515600979328156
    ]
}