{
    "loss": [
        0.059308331459760666,
        0.04389424994587898,
        0.03181879594922066,
        0.022346358746290207,
        0.01753714308142662,
        0.017227785661816597,
        0.01658601686358452,
        0.015559196472167969,
        0.015045859850943089,
        0.014401674270629883,
        0.013819030486047268,
        0.01391068659722805,
        0.014004546217620373,
        0.013598193414509296,
        0.01307495404034853,
        0.013024806044995785,
        0.01333616767078638,
        0.012959213927388191,
        0.012807886116206646,
        0.012959715910255909,
        0.012831528671085835,
        0.012994542717933655,
        0.012656248174607754,
        0.01214347779750824,
        0.012547898106276989,
        0.012452546507120132,
        0.012386932969093323,
        0.012276056222617626,
        0.012476904317736626,
        0.012043846771121025,
        0.01169010903686285,
        0.01252890843898058,
        0.012262335047125816,
        0.012016699649393559,
        0.011766374111175537,
        0.011800989508628845,
        0.01195461954921484,
        0.011610998772084713,
        0.011679611168801785,
        0.011588298715651035,
        0.011612326838076115,
        0.011789822019636631,
        0.011574387550354004,
        0.011569462716579437,
        0.012103536166250706,
        0.01076135877519846,
        0.010729900561273098,
        0.01048547774553299,
        0.010844392701983452,
        0.010514638386666775,
        0.011174650862812996,
        0.010813851840794086,
        0.011126399040222168,
        0.010603722184896469,
        0.010340863838791847,
        0.01056421548128128,
        0.010440323501825333,
        0.009820273146033287,
        0.010313532315194607,
        0.01001692097634077,
        0.009810002520680428,
        0.009685235098004341,
        0.009300963953137398,
        0.00920019019395113,
        0.008841303177177906,
        0.008851500228047371,
        0.008935414254665375,
        0.00899448897689581
    ],
    "mae": [
        0.17991577088832855,
        0.14629028737545013,
        0.11908579617738724,
        0.10210006684064865,
        0.09982328116893768,
        0.10441864281892776,
        0.10239453613758087,
        0.0955798327922821,
        0.09301015734672546,
        0.08864990621805191,
        0.08683831989765167,
        0.0868157222867012,
        0.08679120987653732,
        0.08441346883773804,
        0.0822245255112648,
        0.08099416643381119,
        0.08189838379621506,
        0.08180440962314606,
        0.08050224930047989,
        0.08028881251811981,
        0.07953811436891556,
        0.08097347617149353,
        0.08101990818977356,
        0.07980453968048096,
        0.07875791192054749,
        0.07769403606653214,
        0.07915709167718887,
        0.07829100638628006,
        0.07869485765695572,
        0.07709439098834991,
        0.07684946805238724,
        0.07897143065929413,
        0.07952304184436798,
        0.07820761948823929,
        0.07669834792613983,
        0.07615741342306137,
        0.07741326093673706,
        0.07658956944942474,
        0.07638521492481232,
        0.0746321752667427,
        0.07566873729228973,
        0.07487943768501282,
        0.07485456764698029,
        0.07614704221487045,
        0.07496155053377151,
        0.07119961082935333,
        0.07364924997091293,
        0.07176657021045685,
        0.07203768938779831,
        0.07116840034723282,
        0.07316166162490845,
        0.07289885729551315,
        0.07320835441350937,
        0.07301953434944153,
        0.07071253657341003,
        0.07180116325616837,
        0.07172324508428574,
        0.06884272396564484,
        0.07001548260450363,
        0.06956542283296585,
        0.06939903646707535,
        0.06877174973487854,
        0.06680227071046829,
        0.06748145073652267,
        0.06701935827732086,
        0.06578271836042404,
        0.06458298116922379,
        0.06549583375453949
    ],
    "val_loss": [
        0.017674453556537628,
        0.010044128634035587,
        0.00521401222795248,
        0.004198442678898573,
        0.006783978547900915,
        0.008018220774829388,
        0.006200147792696953,
        0.004807040095329285,
        0.003699246561154723,
        0.0032461576629430056,
        0.00297033553943038,
        0.003041984047740698,
        0.0027711864095181227,
        0.0021533796098083258,
        0.001839892822317779,
        0.0018453086959198117,
        0.0019746210891753435,
        0.0018368357559666038,
        0.0018309433944523335,
        0.0015813903883099556,
        0.0015442768344655633,
        0.001896427245810628,
        0.002294174861162901,
        0.0016331804217770696,
        0.001397466054186225,
        0.0016490340931341052,
        0.0017789537087082863,
        0.0015030696522444487,
        0.001319637056440115,
        0.0012954536359757185,
        0.0017889451701194048,
        0.0018242060905322433,
        0.001696332823485136,
        0.0016481481725350022,
        0.001426243339665234,
        0.0015902960440143943,
        0.0017144267912954092,
        0.001549507025629282,
        0.0014278736198320985,
        0.0012724262196570635,
        0.0013865211512893438,
        0.0012277490459382534,
        0.002029405441135168,
        0.0015417722752317786,
        0.0010381179163232446,
        0.0014637047424912453,
        0.001552160712890327,
        0.0012504777405411005,
        0.0010134881595149636,
        0.0011982666328549385,
        0.0012192532885819674,
        0.001445906120352447,
        0.0017440655501559377,
        0.0013394367415457964,
        0.0012999004684388638,
        0.0017301702173426747,
        0.001225562416948378,
        0.00100581138394773,
        0.001243308768607676,
        0.0016001991461962461,
        0.0013525716494768858,
        0.0010656437370926142,
        0.001144779846072197,
        0.001338744885288179,
        0.0011737688910216093,
        0.001202366896905005,
        0.0013035949086770415,
        0.0012301963288336992
    ],