{
    "loss": [
        0.037291012704372406,
        0.02626575529575348,
        0.018396077677607536,
        0.014448828995227814,
        0.01264088973402977,
        0.01276842039078474,
        0.012619633227586746,
        0.011656779795885086,
        0.011056991294026375,
        0.010761719197034836,
        0.010274386033415794,
        0.010027745738625526,
        0.009729031473398209,
        0.009621531702578068,
        0.009517854079604149,
        0.009191798977553844,
        0.009500991553068161,
        0.00943868700414896,
        0.00949034746736288,
        0.009199060499668121,
        0.009156991727650166,
        0.009329541586339474,
        0.008891724050045013,
        0.009205500595271587,
        0.00866040401160717,
        0.00935294758528471
    ],
    "mae": [
        0.13713675737380981,
        0.10571689903736115,
        0.08807256817817688,
        0.08259197324514389,
        0.08411882072687149,
        0.08733194321393967,
        0.08508850634098053,
        0.08050819486379623,
        0.07523198425769806,
        0.07260923832654953,
        0.07042734324932098,
        0.07001931220293045,
        0.06938273459672928,
        0.0680311918258667,
        0.06694743037223816,
        0.06447698920965195,
        0.06464308500289917,
        0.06531420350074768,
        0.06525526940822601,
        0.06335726380348206,
        0.0635787770152092,
        0.06399880349636078,
        0.06293085962533951,
        0.06462806463241577,
        0.0633135586977005,
        0.06471157819032669
    ],
    "val_loss": [
        0.007964825257658958,
        0.004945697728544474,
        0.004461612552404404,
        0.006558381021022797,
        0.00891114305704832,
        0.009181913919746876,
        0.007451766636222601,
        0.00573781318962574,
        0.004653414245694876,
        0.004495447967201471,
        0.0044151414185762405,
        0.004555840510874987,
        0.004329188726842403,
        0.003995549865067005,
        0.003615736961364746,
        0.0033528918866068125,
        0.0034481948241591454,
        0.0037597129121422768,
        0.003502693260088563,
        0.003448019502684474,
        0.0035513732582330704,
        0.0035115086939185858,
        0.0034664126578718424,
        0.003643661504611373,
        0.003611658699810505,
        0.003743773326277733
    ],
    "val_mae": [
        0.05798006430268288,
        0.04366704449057579,
        0.05510194972157478,
        0.07606209069490433,
        0.08975201845169067,
        0.09104462713003159,
        0.0818108543753624,
        0.07065427303314209,
        0.06161700561642647,
        0.0602104552090168,
        0.059292543679475784,
        0.0601324737071991,
        0.057466771453619,
        0.05346234515309334,
        0.04883980751037598,
        0.04578213393688202,
        0.04670463502407074,
        0.04973713681101799,
        0.047247085720300674,
        0.046697694808244705,
        0.04768496751785278,
        0.047358617186546326,
        0.046902671456336975,
        0.04861302673816681,
        0.048248037695884705,
        0.04936137795448303
    ]
}