{
    "loss": [
        0.024336684495210648,
        0.01800195686519146,
        0.012744445353746414,
        0.010619791224598885,
        0.01024589966982603,
        0.010186241939663887,
        0.009797994047403336,
        0.009661798365414143,
        0.0095131304115057,
        0.00963569525629282,
        0.00942352507263422,
        0.009351879358291626
    ],
    "mae": [
        0.1117127388715744,
        0.08542749285697937,
        0.0670749768614769,
        0.06517747044563293,
        0.06980141252279282,
        0.07109692692756653,
        0.06686922907829285,
        0.0655088722705841,
        0.06395715475082397,
        0.06368599832057953,
        0.06363026797771454,
        0.06402301043272018
    ],
    "val_loss": [
        0.0020069510210305452,
        0.001537472358904779,
        0.0028031058609485626,
        0.00549131166189909,
        0.007091093342751265,
        0.005790891591459513,
        0.004686168394982815,
        0.004035638179630041,
        0.003800180973485112,
        0.0035460328217595816,
        0.003846124978736043,
        0.0037472364492714405
    ],
    "val_mae": [
        0.03142846003174782,
        0.03149626404047012,
        0.047435395419597626,
        0.06973843276500702,
        0.07984815537929535,
        0.07186232507228851,
        0.06412262469530106,
        0.05900055170059204,
        0.05704615265130997,
        0.054814357310533524,
        0.057554762810468674,
        0.0567491240799427
    ]
}