{
    "loss": [
        0.06773199141025543,
        0.04853281006217003,
        0.032584723085165024,
        0.021920843049883842,
        0.017518779262900352,
        0.017593352124094963,
        0.017055785283446312,
        0.01573985069990158,
        0.015272967517375946,
        0.014974077232182026,
        0.014968408271670341,
        0.014560447074472904,
        0.014064466580748558,
        0.014631981030106544,
        0.014058878645300865,
        0.013759177178144455,
        0.013959667645394802,
        0.014095003716647625,
        0.013896957039833069,
        0.014139262959361076,
        0.014016523025929928,
        0.013747885823249817,
        0.013996105641126633,
        0.0134151391685009,
        0.014158759266138077,
        0.013268668204545975,
        0.013243607245385647,
        0.013334477320313454,
        0.013209493830800056,
        0.0130924666300416
    ],
    "mae": [
        0.19593335688114166,
        0.15649864077568054,
        0.12946107983589172,
        0.11147443950176239,
        0.1090821772813797,
        0.11155080050230026,
        0.10868996381759644,
        0.10117718577384949,
        0.09846244007349014,
        0.09688102453947067,
        0.09705930948257446,
        0.09576743841171265,
        0.09289511293172836,
        0.09295745939016342,
        0.09210849553346634,
        0.09073993563652039,
        0.09123193472623825,
        0.09163302928209305,
        0.08948227763175964,
        0.08896978944540024,
        0.08860887587070465,
        0.0900501012802124,
        0.0914401262998581,
        0.08953113853931427,
        0.09105546027421951,
        0.08808282762765884,
        0.08895193040370941,
        0.08971525728702545,
        0.08799856156110764,
        0.08667152374982834
    ],
    "val_loss": [
        0.02258468233048916,
        0.012748267501592636,
        0.007092116866260767,
        0.007138299755752087,
        0.010130848735570908,
        0.009996172972023487,
        0.007008005399256945,
        0.005159306805580854,
        0.004517542198300362,
        0.004434066824615002,
        0.004133093636482954,
        0.003636433742940426,
        0.0031707393936812878,
        0.0030052370857447386,
        0.003067574929445982,
        0.003020394593477249,
        0.002726457780227065,
        0.0026177228428423405,
        0.0023400040809065104,
        0.002109783934429288,
        0.0024276776239275932,
        0.003160744206979871,
        0.002806356642395258,
        0.0027486016042530537,
        0.002702003577724099,
        0.002794451778754592,
        0.002804080257192254,
        0.0028672816697508097,
        0.00238760351203382,
        0.0021151783876121044
    ],
    "val_mae": [
        0.10784047096967697,
        0.07771608233451843,
        0.06848768144845963,
        0.07752445340156555,
        0.0907762348651886,
        0.09002318978309631,
        0.07637908309698105,
        0.06595736742019653,
        0.061598263680934906,
        0.06055360659956932,
        0.058243561536073685,
        0.05441126599907875,
        0.050610627979040146,
        0.04913928359746933,
        0.04951414093375206,
        0.04897062107920647,
        0.046344172209501266,
        0.04532136023044586,
        0.0427376888692379,
        0.04074850678443909,
        0.04367167502641678,
        0.04987188056111336,
        0.04717288911342621,
        0.0467219240963459,
        0.04634437337517738,
        0.04705243557691574,
        0.046953536570072174,
        0.0472976379096508,
        0.042799584567546844,
        0.040064647793769836
    ]
}