{
    "loss": [
        0.06711197644472122,
        0.05327128246426582,
        0.04173361882567406,
        0.03285784646868706,
        0.025148997083306313,
        0.02160530351102352,
        0.021084073930978775,
        0.020003722980618477,
        0.018235916271805763,
        0.017533088102936745,
        0.016761507838964462,
        0.015453234314918518,
        0.016229091212153435,
        0.01532372273504734,
        0.015028388239443302,
        0.014734173193573952,
        0.0148354172706604,
        0.014003059826791286,
        0.01459578238427639,
        0.014804520644247532,
        0.014093312434852123,
        0.014156927354633808,
        0.01420225016772747,
        0.013605337589979172
    ],
    "mae": [
        0.17865808308124542,
        0.15091733634471893,
        0.12620584666728973,
        0.11040282994508743,
        0.10152556747198105,
        0.10301265120506287,
        0.11135421693325043,
        0.11252184212207794,
        0.10228265821933746,
        0.09392718225717545,
        0.08929755538702011,
        0.08536636084318161,
        0.0864897072315216,
        0.08559342473745346,
        0.08351623266935349,
        0.08304322510957718,
        0.08285897970199585,
        0.07984615117311478,
        0.08098400384187698,
        0.08220453560352325,
        0.08065838366746902,
        0.07968926429748535,
        0.08014713227748871,
        0.07951688021421432
    ],
    "val_loss": [
        0.030580518767237663,
        0.01972016878426075,
        0.01087430864572525,
        0.004437488038092852,
        0.0013033869909122586,
        0.0013739938149228692,
        0.0023285404313355684,
        0.0018108371878042817,
        0.0011395975016057491,
        0.0009524752967990935,
        0.0009558835881762207,
        0.0009689783328212798,
        0.0009448411874473095,
        0.0009418947738595307,
        0.0009424574091099203,
        0.0009656639886088669,
        0.001004473422653973,
        0.0010479044867679477,
        0.0009619946940802038,
        0.0010510181309655309,
        0.0010375719284638762,
        0.0009838162222877145,
        0.0009952712571248412,
        0.0010093491291627288
    ],
    "val_mae": [
        0.17128373682498932,
        0.13614167273044586,
        0.09870243072509766,
        0.05793989822268486,
        0.02931436151266098,
        0.02880682982504368,
        0.041562795639038086,
        0.0351158045232296,
        0.0257613155990839,
        0.02361741103231907,
        0.02374912053346634,
        0.023849301040172577,
        0.02349011041224003,
        0.02333824336528778,
        0.023374706506729126,
        0.02359536476433277,
        0.02439376898109913,
        0.025199608877301216,
        0.023537421599030495,
        0.025242453441023827,
        0.025038443505764008,
        0.02399369515478611,
        0.02428577095270157,
        0.02458706498146057
    ]
}