{
    "loss": [
        0.026477398350834846,
        0.016729434952139854,
        0.010167952626943588,
        0.007297792471945286,
        0.007683801930397749,
        0.007142630405724049,
        0.006497260183095932,
        0.006468720734119415,
        0.006530605256557465,
        0.00605837581679225,
        0.005874090362340212,
        0.005688825156539679
    ],
    "mae": [
        0.12815546989440918,
        0.094487763941288,
        0.07155017554759979,
        0.06348343193531036,
        0.06856973469257355,
        0.0663619339466095,
        0.060311209410429,
        0.058225542306900024,
        0.05797325074672699,
        0.05674230307340622,
        0.05650489404797554,
        0.0551934614777565
    ],
    "val_loss": [
        0.0020972543861716986,
        0.001412094570696354,
        0.003405968891456723,
        0.006908141076564789,
        0.00788222998380661,
        0.005877346266061068,
        0.0038890910800546408,
        0.003271083114668727,
        0.003550977911800146,
        0.003693366190418601,
        0.0036012325435876846,
        0.0031613034661859274
    ],
    "val_mae": [
        0.02991013042628765,
        0.031627509742975235,
        0.05481480434536934,
        0.07877517491579056,
        0.08444356173276901,
        0.07286703586578369,
        0.05880909413099289,
        0.053871117532253265,
        0.05636189132928848,
        0.057704802602529526,
        0.05711577832698822,
        0.0534561425447464
    ]
}