{
    "loss": [
        0.15430554747581482,
        0.11904449760913849,
        0.0863533690571785,
        0.05662091448903084,
        0.03602846711874008,
        0.02699640393257141,
        0.028314657509326935,
        0.026484448462724686,
        0.02482409030199051,
        0.024653805419802666,
        0.023687269538640976,
        0.023838505148887634,
        0.02320893295109272,
        0.022841274738311768,
        0.022457271814346313,
        0.021230146288871765,
        0.021232474595308304,
        0.021286863833665848,
        0.021971335634589195,
        0.021704113110899925,
        0.020759960636496544,
        0.02140141651034355,
        0.0214361734688282,
        0.020902782678604126,
        0.021197201684117317,
        0.020646685734391212,
        0.02082599140703678,
        0.021224701777100563,
        0.021458586677908897,
        0.02093867026269436,
        0.0202859528362751,
        0.019851263612508774,
        0.020609689876437187,
        0.02055235765874386,
        0.020702019333839417,
        0.02029762603342533,
        0.020601043477654457
    ],
    "mae": [
        0.32610219717025757,
        0.2768784165382385,
        0.2237439602613449,
        0.17444032430648804,
        0.14471665024757385,
        0.13453692197799683,
        0.14332778751850128,
        0.13757742941379547,
        0.12886786460876465,
        0.12782561779022217,
        0.12479033321142197,
        0.12510541081428528,
        0.12365280836820602,
        0.12202128022909164,
        0.12093818187713623,
        0.11758987605571747,
        0.117039754986763,
        0.11783909797668457,
        0.11994786560535431,
        0.11815337091684341,
        0.11379199475049973,
        0.1151471883058548,
        0.1158691868185997,
        0.1169191226363182,
        0.11708183586597443,
        0.11432325094938278,
        0.11248613893985748,
        0.11444016546010971,
        0.11732237040996552,
        0.1163182184100151,
        0.11328020691871643,
        0.11101639270782471,
        0.11223631352186203,
        0.11250343918800354,
        0.11302537471055984,
        0.11197774112224579,
        0.11455484479665756
    ],
    "val_loss": [
        0.08887165784835815,
        0.06449975073337555,
        0.0434267483651638,
        0.02845107391476631,
        0.02518555149435997,
        0.030152220278978348,
        0.03127984702587128,
        0.025150449946522713,
        0.022098513320088387,
        0.02098085917532444,
        0.019101016223430634,
        0.017875313758850098,
        0.01582593470811844,
        0.015205716714262962,
        0.014400758780539036,
        0.012917938642203808,
        0.012216886505484581,
        0.01197636965662241,
        0.013752153143286705,
        0.010401854291558266,
        0.008807990700006485,
        0.008939620107412338,
        0.009837280958890915,
        0.010894915089011192,
        0.010069821961224079,
        0.008415158838033676,
        0.00743119465187192,
        0.009191785007715225,
        0.010377684608101845,
        0.008953855372965336,
        0.009099972434341908,
        0.00806814432144165,
        0.007994098588824272,
        0.00869220495223999,
        0.007907016202807426,
        0.009084595367312431,
        0.009452518075704575
    ],
    "val_mae": [
        0.19055427610874176,
        0.1647748202085495,
        0.14965999126434326,
        0.14300280809402466,
        0.1462160348892212,
        0.15709523856639862,
        0.1601448804140091,
        0.14326906204223633,
        0.13401292264461517,
        0.13053494691848755,
        0.12446563690900803,
        0.12019995599985123,
        0.11341298371553421,
        0.11025694012641907,
        0.10642752051353455,
        0.10100143402814865,
        0.09805066883563995,
        0.09725278615951538,
        0.1064365804195404,
        0.09056732058525085,
        0.0833406150341034,
        0.0838141068816185,
        0.0886685848236084,
        0.0946771502494812,
        0.09056272357702255,
        0.08173973113298416,
        0.07602444291114807,
        0.0857800841331482,
        0.09213334321975708,
        0.08445415645837784,
        0.0852634459733963,
        0.07952776551246643,
        0.07902666181325912,
        0.08296611905097961,
        0.07855453342199326,
        0.08541035652160645,
        0.08763942122459412
    ]
}