{
    "loss": [
        0.13956375420093536,
        0.11162016540765762,
        0.08705684542655945,
        0.06317437440156937,
        0.04057440161705017,
        0.02617449127137661,
        0.021158428862690926,
        0.020962201058864594,
        0.01961572840809822,
        0.016679802909493446,
        0.015470043756067753,
        0.014794719405472279,
        0.013824458234012127,
        0.013480310328304768,
        0.012468446977436543,
        0.011855818331241608,
        0.01188227254897356,
        0.012033183127641678,
        0.011172309517860413,
        0.011783001013100147,
        0.011371396481990814,
        0.011364021338522434,
        0.010455071926116943,
        0.011149934493005276,
        0.01050895731896162,
        0.011822749860584736,
        0.011058922857046127,
        0.01112423837184906,
        0.011365226469933987,
        0.010635116137564182,
        0.010840251110494137
    ],
    "mae": [
        0.2948629558086395,
        0.2565387785434723,
        0.21748141944408417,
        0.1781896948814392,
        0.14565546810626984,
        0.12550686299800873,
        0.12176486104726791,
        0.1268753856420517,
        0.12109694629907608,
        0.10910946130752563,
        0.10293668508529663,
        0.09898260235786438,
        0.09568724781274796,
        0.09316328167915344,
        0.09006553143262863,
        0.08615525811910629,
        0.08317495137453079,
        0.08320125937461853,
        0.08070051670074463,
        0.08042847365140915,
        0.07884243875741959,
        0.0780588909983635,
        0.07631657272577286,
        0.07978466153144836,
        0.07583582401275635,
        0.08040034025907516,
        0.07787326723337173,
        0.0775642842054367,
        0.07958998531103134,
        0.07716327905654907,
        0.07650449126958847
    ],
    "val_loss": [
        0.06108659878373146,
        0.044061604887247086,
        0.028717726469039917,
        0.01594148389995098,
        0.008178016170859337,
        0.008225706405937672,
        0.014644037932157516,
        0.015342876315116882,
        0.010805795900523663,
        0.007782293017953634,
        0.006469612941145897,
        0.006188088562339544,
        0.006377356592565775,
        0.006086722481995821,
        0.005546270404011011,
        0.005245338659733534,
        0.005073318723589182,
        0.0050920299254357815,
        0.004764987155795097,
        0.004639552440494299,
        0.004509452264755964,
        0.004579832311719656,
        0.0048571075312793255,
        0.00469305319711566,
        0.0046003288589417934,
        0.004544466733932495,
        0.004653903655707836,
        0.00458968011662364,
        0.004555500578135252,
        0.004702210426330566,
        0.004516783636063337
    ],
    "val_mae": [
        0.21815724670886993,
        0.1786455363035202,
        0.13552400469779968,
        0.09334637969732285,
        0.05999937281012535,
        0.07897736877202988,
        0.10994871705770493,
        0.1127467080950737,
        0.09255611896514893,
        0.07489756494760513,
        0.06526663899421692,
        0.06300082057714462,
        0.06461895257234573,
        0.062132637947797775,
        0.05711512640118599,
        0.05416237190365791,
        0.05232023075222969,
        0.052503038197755814,
        0.049960311502218246,
        0.04911663010716438,
        0.04828710854053497,
        0.04879080876708031,
        0.05072755739092827,
        0.049678508192300797,
        0.049034878611564636,
        0.04859254136681557,
        0.04944026097655296,
        0.04898348078131676,
        0.04872935637831688,
        0.049780815839767456,
        0.04844299331307411
    ]
}