{
    "loss": [
        0.06730325520038605,
        0.0500204861164093,
        0.03494696691632271,
        0.022606950253248215,
        0.01683655194938183,
        0.01593015342950821,
        0.016164951026439667,
        0.01431253831833601,
        0.014072222635149956,
        0.013870999217033386,
        0.013161520473659039,
        0.01329647284001112
    ],
    "mae": [
        0.19946777820587158,
        0.1623847484588623,
        0.12922926247119904,
        0.10580741614103317,
        0.10430552810430527,
        0.10944154858589172,
        0.11025916785001755,
        0.10117471218109131,
        0.0967961773276329,
        0.09313008189201355,
        0.09146026521921158,
        0.09247929602861404
    ],
    "val_loss": [
        0.002147611463442445,
        0.0006916444981470704,
        0.0014691416872665286,
        0.0053534237667918205,
        0.012002463452517986,
        0.014784932136535645,
        0.011843611486256123,
        0.007374528795480728,
        0.005280497018247843,
        0.005047553684562445,
        0.005247417837381363,
        0.005389326252043247
    ],
    "val_mae": [
        0.03759215399622917,
        0.018937351182103157,
        0.035585202276706696,
        0.06968433409929276,
        0.10758239030838013,
        0.11995682865381241,
        0.10702355951070786,
        0.08351853489875793,
        0.06986147910356522,
        0.06828512996435165,
        0.06984714418649673,
        0.07094760239124298
    ]
}