{
    "loss": [
        0.012384319677948952,
        0.006847803480923176,
        0.004679111763834953,
        0.00479083089157939,
        0.004461341537535191,
        0.0040403553284704685,
        0.003867426887154579,
        0.003764787921682,
        0.0035706155467778444,
        0.0034032990224659443,
        0.0033995253033936024,
        0.0033338714856654406,
        0.0031869891099631786,
        0.003237370168790221,
        0.0032931712921708822,
        0.003179186023771763,
        0.0032125848811119795,
        0.0032223323360085487,
        0.003161163069307804,
        0.0031251811888068914,
        0.003103713970631361,
        0.003196335630491376,
        0.0030192711856216192,
        0.003053897526115179,
        0.003028461243957281,
        0.0030319583602249622,
        0.0030899273697286844,
        0.0029906686395406723,
        0.0029258932918310165
    ],
    "mae": [
        0.08010269701480865,
        0.056731827557086945,
        0.05499333515763283,
        0.05976182222366333,
        0.056815918534994125,
        0.05159585922956467,
        0.048337142914533615,
        0.04735366627573967,
        0.046595003455877304,
        0.04515862464904785,
        0.04412563517689705,
        0.042524803429841995,
        0.04133705422282219,
        0.04103321209549904,
        0.040346574038267136,
        0.04062816500663757,
        0.04230997711420059,
        0.04246222600340843,
        0.03967536240816116,
        0.03949299454689026,
        0.04089739918708801,
        0.04141543433070183,
        0.03972756490111351,
        0.03873113915324211,
        0.03929761052131653,
        0.039517275989055634,
        0.03907536342740059,
        0.03868478909134865,
        0.03906463459134102
    ],
    "val_loss": [
        0.000833234575111419,
        0.00029463550890795887,
        0.0016487669199705124,
        0.0019204088021069765,
        0.0009752525365911424,
        0.00045182168832980096,
        0.00029460748191922903,
        0.00043944560457021,
        0.00047137727960944176,
        0.00040772638749331236,
        0.00030954109388403594,
        0.00026380905183032155,
        0.00020580217824317515,
        0.00021050577925052494,
        0.0001292290835408494,
        0.00021748010476585478,
        0.00046701024984940886,
        0.0002574441896285862,
        0.00012024575698887929,
        0.00018914691463578492,
        0.0003003488527610898,
        0.0002446737780701369,
        0.0001314687979174778,
        0.00015308090951293707,
        0.0002019127132371068,
        0.00018281069060321897,
        0.00014077652303967625,
        0.00019370508380234241,
        0.00024949858197942376
    ],
    "val_mae": [
        0.025592202320694923,
        0.014485277235507965,
        0.038691453635692596,
        0.042135704308748245,
        0.029029903933405876,
        0.019169921055436134,
        0.01480142306536436,
        0.0190768800675869,
        0.019939761608839035,
        0.018422428518533707,
        0.015679461881518364,
        0.014269576407968998,
        0.012326560914516449,
        0.012546045705676079,
        0.009035587310791016,
        0.012705017812550068,
        0.019972553476691246,
        0.014113342389464378,
        0.008607598952949047,
        0.011788845993578434,
        0.015533911995589733,
        0.013784565031528473,
        0.009281708858907223,
        0.010375971905887127,
        0.01239025592803955,
        0.011678722687065601,
        0.009807026013731956,
        0.012089407071471214,
        0.014014391228556633
    ]
}