{
    "loss": [
        0.00480538047850132,
        0.0026678498834371567,
        0.0022699676919728518,
        0.0022485756780952215,
        0.001991590252146125,
        0.0019025246147066355,
        0.00187759380787611,
        0.0017784172669053078,
        0.0017454141052439809,
        0.001757336431182921,
        0.0017252209363505244
    ],
    "mae": [
        0.048418138176202774,
        0.03641585260629654,
        0.03958846628665924,
        0.04071531072258949,
        0.03615431860089302,
        0.033035825937986374,
        0.033313438296318054,
        0.03260888531804085,
        0.03166906163096428,
        0.031387705355882645,
        0.03128361701965332
    ],
    "val_loss": [
        6.645655230386183e-05,
        0.0007705598836764693,
        0.0016207980224862695,
        0.0010251079220324755,
        0.00038760475581511855,
        0.0002722415083553642,
        0.0004236898384988308,
        0.00035667046904563904,
        0.00029891476151533425,
        0.0003268836298957467,
        0.0002769182901829481
    ],
    "val_mae": [
        0.007004561834037304,
        0.026661448180675507,
        0.039573635905981064,
        0.031185263767838478,
        0.01833522506058216,
        0.014945387840270996,
        0.019452495500445366,
        0.017701731994748116,
        0.016032105311751366,
        0.016929058358073235,
        0.015420107170939445
    ]
}