{
    "loss": [
        0.08545023947954178,
        0.061877600848674774,
        0.04237004742026329,
        0.029383083805441856,
        0.025153346359729767,
        0.02509613335132599,
        0.023358216509222984,
        0.021729912608861923,
        0.02075071819126606,
        0.020785965025424957,
        0.019896719604730606,
        0.019389204680919647
    ],
    "mae": [
        0.20674735307693481,
        0.1649348884820938,
        0.13404163718223572,
        0.1203271821141243,
        0.12582290172576904,
        0.13336877524852753,
        0.12345047295093536,
        0.11260046809911728,
        0.10693832486867905,
        0.10694669932126999,
        0.10416518151760101,
        0.10146614164113998
    ],
    "val_loss": [
        0.0040601082146167755,
        0.0015433159423992038,
        0.0029866963159292936,
        0.008722159080207348,
        0.014831659384071827,
        0.014043349772691727,
        0.008584614843130112,
        0.005411970894783735,
        0.004606292117387056,
        0.004906420595943928,
        0.00381100713275373,
        0.0032026218250393867
    ],
    "val_mae": [
        0.05414973571896553,
        0.028125056996941566,
        0.047959621995687485,
        0.0871598869562149,
        0.117587149143219,
        0.1143820732831955,
        0.08727333694696426,
        0.06714486330747604,
        0.06142823025584221,
        0.06376945972442627,
        0.05520735681056976,
        0.0497809574007988
    ]
}