{
    "loss": [
        0.0762738585472107,
        0.05585021898150444,
        0.038278788328170776,
        0.02534756436944008,
        0.017487192526459694,
        0.01586492918431759,
        0.01650450937449932,
        0.015420679934322834,
        0.01392069086432457,
        0.01339715626090765,
        0.013084796257317066,
        0.01267967652529478,
        0.012576732784509659,
        0.01218381430953741,
        0.012231589294970036,
        0.011551451869308949,
        0.0123573187738657,
        0.011347112245857716,
        0.011701864190399647,
        0.011327841319143772,
        0.01141338050365448,
        0.011820065788924694,
        0.011393479071557522,
        0.011460023000836372,
        0.011350688524544239,
        0.011307692155241966,
        0.011508116498589516,
        0.01124164741486311,
        0.01078677736222744,
        0.011133342050015926,
        0.010896293446421623,
        0.011001327075064182,
        0.01123035792261362,
        0.01127184834331274,
        0.01081042643636465,
        0.010488790459930897,
        0.011121331714093685,
        0.010720755904912949,
        0.010579416528344154,
        0.01054468099027872,
        0.010466199368238449,
        0.010720997117459774,
        0.010658650659024715,
        0.010554223321378231
    ],
    "mae": [
        0.2171226441860199,
        0.17620760202407837,
        0.1401408463716507,
        0.11560380458831787,
        0.10063958913087845,
        0.1010538712143898,
        0.10401219874620438,
        0.09815941751003265,
        0.09183123707771301,
        0.08881761878728867,
        0.08852481096982956,
        0.08723839372396469,
        0.08497931063175201,
        0.08372095227241516,
        0.0834619328379631,
        0.08192300796508789,
        0.0831293985247612,
        0.08040497452020645,
        0.08094611763954163,
        0.08061319589614868,
        0.07932627201080322,
        0.08112237602472305,
        0.07944147288799286,
        0.07986529916524887,
        0.08048872649669647,
        0.07975755631923676,
        0.0806346908211708,
        0.07946242392063141,
        0.07868494093418121,
        0.07937142252922058,
        0.07788389921188354,
        0.07832984626293182,
        0.07839935272932053,
        0.07897788286209106,
        0.0783337727189064,
        0.07724598050117493,
        0.07860568165779114,
        0.07641928642988205,
        0.07829681783914566,
        0.07650265842676163,
        0.07691342383623123,
        0.07696916162967682,
        0.07644250243902206,
        0.07694818824529648
    ],
    "val_loss": [
        0.025447506457567215,
        0.01419120468199253,
        0.006577911786735058,
        0.003853681730106473,
        0.006608771160244942,
        0.009636183269321918,
        0.008010923862457275,
        0.005243297200649977,
        0.0037755481898784637,
        0.003572851186618209,
        0.003622940741479397,
        0.0030208260286599398,
        0.0026014826726168394,
        0.002166538033634424,
        0.0024230768904089928,
        0.002125383820384741,
        0.0019618631340563297,
        0.0019008845556527376,
        0.0019934112206101418,
        0.0019102166406810284,
        0.002287074690684676,
        0.002056445926427841,
        0.0021519854199141264,
        0.001797072938643396,
        0.0015740020899102092,
        0.0019882139749825,
        0.002301673172041774,
        0.0019369212677702308,
        0.001599666546098888,
        0.0015447174664586782,
        0.0020276042632758617,
        0.002295514801517129,
        0.0016139419749379158,
        0.0015153954736888409,
        0.0016255936352536082,
        0.0021374747157096863,
        0.0018180167535319924,
        0.0022064619697630405,
        0.0016885214718058705,
        0.0016417800216004252,
        0.0018544093472883105,
        0.002114834962412715,
        0.001608021673746407,
        0.0015220489585772157
    ],
    "val_mae": [
        0.13667479157447815,
        0.09375723451375961,
        0.05582654848694801,
        0.05629328265786171,
        0.07159923762083054,
        0.08786816895008087,
        0.07953838258981705,
        0.06361725181341171,
        0.05414953455328941,
        0.05249124392867088,
        0.05284782499074936,
        0.04801800847053528,
        0.044423267245292664,
        0.04018154367804527,
        0.04244382679462433,
        0.039549570530653,
        0.03775283321738243,
        0.03706330433487892,
        0.03791201487183571,
        0.037043556571006775,
        0.04038330167531967,
        0.03822312504053116,
        0.039095066487789154,
        0.03582634776830673,
        0.0330718457698822,
        0.037781938910484314,
        0.04068625718355179,
        0.0371694341301918,
        0.03347908332943916,
        0.03275866061449051,
        0.037821151316165924,
        0.04034792631864548,
        0.03357154130935669,
        0.03236566111445427,
        0.03374437615275383,
        0.03880346193909645,
        0.035779837518930435,
        0.03947531059384346,
        0.03432344272732735,
        0.033850252628326416,
        0.035974111407995224,
        0.0385374054312706,
        0.03325817734003067,
        0.032312821596860886
    ]
}