{
    "loss": [
        0.09294746071100235,
        0.07731711119413376,
        0.061016540974378586,
        0.04758381471037865,
        0.036940962076187134,
        0.029957909137010574,
        0.027593474835157394,
        0.027779756113886833,
        0.026013372465968132,
        0.02446628175675869,
        0.023330526426434517,
        0.02312540076673031,
        0.022278934717178345,
        0.021068528294563293
    ],
    "mae": [
        0.2145436853170395,
        0.18452408909797668,
        0.15554867684841156,
        0.1373978704214096,
        0.12606501579284668,
        0.12493995577096939,
        0.13141433894634247,
        0.13587245345115662,
        0.13037227094173431,
        0.12136043608188629,
        0.112441785633564,
        0.1093626320362091,
        0.1063719391822815,
        0.10404539853334427
    ],
    "val_loss": [
        0.0090782530605793,
        0.005043577868491411,
        0.002673449693247676,
        0.0024393070489168167,
        0.005196515470743179,
        0.011014801450073719,
        0.015680404379963875,
        0.01605098880827427,
        0.012002612464129925,
        0.00821058452129364,
        0.005788874346762896,
        0.0053561036475002766,
        0.005403437651693821,
        0.0047916811890900135
    ],
    "val_mae": [
        0.0758482962846756,
        0.04716775193810463,
        0.03613053262233734,
        0.04232317954301834,
        0.06703148782253265,
        0.09903747588396072,
        0.12102852761745453,
        0.12291442602872849,
        0.10523970425128937,
        0.08570314198732376,
        0.07175807654857635,
        0.06878100335597992,
        0.0686277225613594,
        0.06419475376605988
    ]
}