{
    "loss": [
        0.08009375631809235,
        0.059064678847789764,
        0.03906812518835068,
        0.026152849197387695,
        0.02082546055316925,
        0.022234031930565834,
        0.021073639392852783,
        0.01919637992978096,
        0.01811066083610058,
        0.01766594685614109,
        0.01815391145646572,
        0.01792255789041519,
        0.01726638339459896
    ],
    "mae": [
        0.20834733545780182,
        0.1697109043598175,
        0.13433143496513367,
        0.11395677924156189,
        0.11140226572751999,
        0.12196873873472214,
        0.11736025661230087,
        0.10708503425121307,
        0.10240533947944641,
        0.09935901314020157,
        0.1005680114030838,
        0.09681151062250137,
        0.0958591103553772
    ],
    "val_loss": [
        0.017820512875914574,
        0.008751602843403816,
        0.004475761670619249,
        0.007485057692974806,
        0.014447145164012909,
        0.01499615516513586,
        0.010816935449838638,
        0.008275547064840794,
        0.007692109327763319,
        0.007007373031228781,
        0.006727288477122784,
        0.006026637740433216,
        0.006656324956566095
    ],
    "val_mae": [
        0.09901952743530273,
        0.06682008504867554,
        0.05760743468999863,
        0.0763009563088417,
        0.10961630195379257,
        0.11253830045461655,
        0.09297598898410797,
        0.07974746078252792,
        0.07619026303291321,
        0.07158446311950684,
        0.06923593580722809,
        0.06453030556440353,
        0.06761559844017029
    ]
}