{
    "loss": [
        0.015958616510033607,
        0.010612239129841328,
        0.007758103311061859,
        0.007102675270289183,
        0.006747107487171888,
        0.006370002869516611,
        0.005954698659479618,
        0.005590477492660284,
        0.0054275537841022015,
        0.005184045527130365,
        0.005179753992706537
    ],
    "mae": [
        0.08401422947645187,
        0.06566684693098068,
        0.061957947909832,
        0.06574048101902008,
        0.06681991368532181,
        0.06169212982058525,
        0.05731154978275299,
        0.05516526848077774,
        0.05401812493801117,
        0.05193072557449341,
        0.050614871084690094
    ],
    "val_loss": [
        0.00020196300465613604,
        0.0012218208285048604,
        0.0037241580430418253,
        0.005594971124082804,
        0.004723694175481796,
        0.002922751707956195,
        0.002321604872122407,
        0.0021177702583372593,
        0.0021036621183156967,
        0.0015087744686752558,
        0.0013320764992386103
    ],
    "val_mae": [
        0.012427049688994884,
        0.03278958797454834,
        0.06005336344242096,
        0.07416080683469772,
        0.06810148805379868,
        0.05331128090620041,
        0.04744597151875496,
        0.045384481549263,
        0.045350298285484314,
        0.038297269493341446,
        0.035980768501758575
    ]
}