{
    "loss": [
        0.054995037615299225,
        0.042315009981393814,
        0.03084251470863819,
        0.021744225174188614,
        0.01748066581785679,
        0.016492662951350212,
        0.015549213625490665,
        0.01416325569152832,
        0.013322929851710796,
        0.012485361658036709,
        0.012083031237125397,
        0.011808977462351322
    ],
    "mae": [
        0.16933996975421906,
        0.14128784835338593,
        0.1173439621925354,
        0.10181451588869095,
        0.10327635705471039,
        0.1106877252459526,
        0.1065833792090416,
        0.09715835750102997,
        0.09052512794733047,
        0.08549773693084717,
        0.08273901790380478,
        0.08104581385850906
    ],
    "val_loss": [
        0.003276094561442733,
        0.0020233336836099625,
        0.0028321929275989532,
        0.00661403127014637,
        0.012555177323520184,
        0.013655846938490868,
        0.009457177482545376,
        0.006923613604158163,
        0.0049763941206038,
        0.004261835478246212,
        0.0036688032560050488,
        0.0032588045578449965
    ],
    "val_mae": [
        0.04245779663324356,
        0.039156246930360794,
        0.04652399569749832,
        0.07283752411603928,
        0.10603747516870499,
        0.11169085651636124,
        0.09107806533575058,
        0.07626737654209137,
        0.06394731998443604,
        0.05940883606672287,
        0.0553085133433342,
        0.0523109994828701
    ]
}