{
    "loss": [
        0.07671094685792923,
        0.060636747628450394,
        0.045975930988788605,
        0.03278588876128197,
        0.02403937466442585,
        0.019920162856578827,
        0.01956551894545555,
        0.019980814307928085,
        0.019660670310258865,
        0.0188217181712389,
        0.018865445628762245,
        0.018755555152893066,
        0.018635248765349388
    ],
    "mae": [
        0.2295474410057068,
        0.19556906819343567,
        0.16163554787635803,
        0.12968435883522034,
        0.10499807447195053,
        0.09594905376434326,
        0.10022734850645065,
        0.10500552505254745,
        0.09921152144670486,
        0.09318623691797256,
        0.09353414177894592,
        0.09167151898145676,
        0.09184262156486511
    ],
    "val_loss": [
        0.005014714319258928,
        0.0022266076412051916,
        0.001238682889379561,
        0.0026294125709682703,
        0.007288533262908459,
        0.014288071542978287,
        0.01788354478776455,
        0.016155129298567772,
        0.012137403711676598,
        0.010549325495958328,
        0.009515232406556606,
        0.009081481024622917,
        0.009362448938190937
    ],
    "val_mae": [
        0.05944482237100601,
        0.032412637025117874,
        0.02555752918124199,
        0.04816358536481857,
        0.07964786142110825,
        0.1157207265496254,
        0.13049045205116272,
        0.12368804216384888,
        0.10609767585992813,
        0.09831064939498901,
        0.09292032569646835,
        0.09061691164970398,
        0.0922539159655571
    ]
}