{
    "loss": [
        0.004184484947472811,
        0.0020320555195212364,
        0.0017348920227959752,
        0.0017708842642605305,
        0.0016289099585264921,
        0.001549059641547501,
        0.0015274964971467853,
        0.0015071298694238067,
        0.0015303256222978234,
        0.0014953197678551078,
        0.0014792939182370901
    ],
    "mae": [
        0.0459488146007061,
        0.030668247491121292,
        0.034752652049064636,
        0.035605937242507935,
        0.03162894770503044,
        0.029163982719182968,
        0.029232727363705635,
        0.029187317937612534,
        0.029879488050937653,
        0.029229506850242615,
        0.028754401952028275
    ],
    "val_loss": [
        0.00047637158422730863,
        0.0009424386662431061,
        0.0013958981726318598,
        0.0009480984299443662,
        0.0005278429598547518,
        0.0005086194141767919,
        0.0005259534809738398,
        0.0005296692252159119,
        0.0005674245767295361,
        0.00048385479021817446,
        0.0005051441257819533
    ],
    "val_mae": [
        0.015457363799214363,
        0.027538765221834183,
        0.0353286974132061,
        0.028164325281977654,
        0.018980087712407112,
        0.018765833228826523,
        0.01928713358938694,
        0.019526511430740356,
        0.020720774307847023,
        0.018610937520861626,
        0.019137026742100716
    ]
}