{
    "loss": [
        0.044537320733070374,
        0.03302578628063202,
        0.023725012317299843,
        0.017661742866039276,
        0.014828706160187721,
        0.014132563024759293,
        0.01345090102404356,
        0.012022461742162704,
        0.011148831807076931,
        0.010663561522960663,
        0.009967786259949207
    ],
    "mae": [
        0.14587129652500153,
        0.12703555822372437,
        0.11451206356287003,
        0.10699062794446945,
        0.10266260802745819,
        0.10411947220563889,
        0.10034087300300598,
        0.09212858229875565,
        0.08648845553398132,
        0.08258431404829025,
        0.0795099288225174
    ],
    "val_loss": [
        0.00023082399275153875,
        0.0018211599672213197,
        0.00498583959415555,
        0.009753640741109848,
        0.013641615398228168,
        0.013436167500913143,
        0.009761787950992584,
        0.006666100583970547,
        0.005031428299844265,
        0.0038589753676205873,
        0.003188691334798932
    ],
    "val_mae": [
        0.014745349995791912,
        0.04253104329109192,
        0.07052930444478989,
        0.09870485961437225,
        0.11675041913986206,
        0.11586640030145645,
        0.09874465316534042,
        0.08157596737146378,
        0.07084844261407852,
        0.062019653618335724,
        0.05634933337569237
    ]
}