{
    "loss": [
        0.00906374305486679,
        0.004566392861306667,
        0.0036496042739599943,
        0.003945444710552692,
        0.0034538814797997475,
        0.0033239496406167746,
        0.003318518167361617,
        0.0032430735882371664,
        0.0031529474072158337,
        0.0031800749711692333,
        0.003192177042365074
    ],
    "mae": [
        0.0706026628613472,
        0.04654215648770332,
        0.045753784477710724,
        0.049599431455135345,
        0.044474028050899506,
        0.04091751202940941,
        0.04056861996650696,
        0.04028990864753723,
        0.040323518216609955,
        0.04076123610138893,
        0.040189363062381744
    ],
    "val_loss": [
        0.00023972458438947797,
        0.0018141877371817827,
        0.0034872463438659906,
        0.003009738400578499,
        0.0013960812939330935,
        0.0009098858572542667,
        0.0009483976173214614,
        0.0011770374840125442,
        0.0013067430118098855,
        0.0013772690435871482,
        0.0010756277479231358
    ],
    "val_mae": [
        0.014417685568332672,
        0.04026806727051735,
        0.057549942284822464,
        0.05334099754691124,
        0.03510858118534088,
        0.027377082034945488,
        0.02814718335866928,
        0.03201991319656372,
        0.03403926268219948,
        0.035129155963659286,
        0.03055776283144951
    ]
}