{
    "loss": [
        0.09349901229143143,
        0.07314883917570114,
        0.05660060793161392,
        0.04087388888001442,
        0.030111724510788918,
        0.025081884115934372,
        0.024454010650515556,
        0.02466830424964428,
        0.02388099953532219,
        0.022503167390823364,
        0.022181810811161995,
        0.02182490937411785,
        0.021011769771575928,
        0.020669331774115562
    ],
    "mae": [
        0.23511022329330444,
        0.19917082786560059,
        0.16773194074630737,
        0.1389169692993164,
        0.12134895473718643,
        0.12171138823032379,
        0.12851804494857788,
        0.12883388996124268,
        0.12198860943317413,
        0.1160435751080513,
        0.11228222399950027,
        0.1112053245306015,
        0.1093757227063179,
        0.10800620168447495
    ],
    "val_loss": [
        0.02773125097155571,
        0.018381882458925247,
        0.011042522266507149,
        0.006876764819025993,
        0.007199527695775032,
        0.011645948514342308,
        0.013896203599870205,
        0.01154562272131443,
        0.009024405851960182,
        0.00781641062349081,
        0.007376881781965494,
        0.007161355577409267,
        0.007139455992728472,
        0.0069480398669838905
    ],
    "val_mae": [
        0.13962781429290771,
        0.10628055781126022,
        0.08246581256389618,
        0.06970570981502533,
        0.07350707799196243,
        0.09097157418727875,
        0.10073420405387878,
        0.09094282984733582,
        0.08067576587200165,
        0.07605671137571335,
        0.0739562138915062,
        0.07269426435232162,
        0.07225620746612549,
        0.07102423161268234
    ]
}