{
    "loss": [
        0.13258683681488037,
        0.101242296397686,
        0.07389198243618011,
        0.05038473755121231,
        0.0350869745016098,
        0.029675638303160667,
        0.03016330674290657,
        0.02850368246436119,
        0.0274288821965456,
        0.02612980641424656,
        0.026292497292160988,
        0.02493285946547985,
        0.025019653141498566,
        0.024335047230124474
    ],
    "mae": [
        0.2756192982196808,
        0.2287488877773285,
        0.18697497248649597,
        0.15486623346805573,
        0.14098958671092987,
        0.1457296758890152,
        0.15265463292598724,
        0.14503510296344757,
        0.1377454251050949,
        0.13154588639736176,
        0.1307334154844284,
        0.1279781609773636,
        0.12750719487667084,
        0.12398494780063629
    ],
    "val_loss": [
        0.025582635775208473,
        0.01432042382657528,
        0.006198573857545853,
        0.0030395975336432457,
        0.006768395658582449,
        0.013127372600138187,
        0.014392691664397717,
        0.009203607216477394,
        0.006257704459130764,
        0.005509628914296627,
        0.005934106186032295,
        0.005947630852460861,
        0.006088577210903168,
        0.005299774464219809
    ],
    "val_mae": [
        0.15061452984809875,
        0.10691452026367188,
        0.06451573967933655,
        0.04384339228272438,
        0.06737472862005234,
        0.10150163620710373,
        0.10684163868427277,
        0.0816626250743866,
        0.06312708556652069,
        0.05799662321805954,
        0.06010561063885689,
        0.059645894914865494,
        0.060013819485902786,
        0.054798346012830734
    ]
}