{
    "loss": [
        0.07683775573968887,
        0.054517123848199844,
        0.03543750196695328,
        0.02385229617357254,
        0.01959463208913803,
        0.019050324335694313,
        0.018039241433143616,
        0.016588205471634865,
        0.016608670353889465,
        0.015920953825116158,
        0.015497908927500248,
        0.014711715281009674,
        0.015157468616962433
    ],
    "mae": [
        0.21018636226654053,
        0.16510877013206482,
        0.1327158808708191,
        0.11564972251653671,
        0.11297452449798584,
        0.11355419456958771,
        0.10893722623586655,
        0.10351625829935074,
        0.1010773703455925,
        0.09823612123727798,
        0.09750966727733612,
        0.09261839091777802,
        0.09203913807868958
    ],
    "val_loss": [
        0.013880733400583267,
        0.006419539917260408,
        0.0032354933209717274,
        0.005713643040508032,
        0.01059952937066555,
        0.009745674207806587,
        0.007246736437082291,
        0.006007139105349779,
        0.004973670467734337,
        0.004566488787531853,
        0.004490430001169443,
        0.0036158799193799496,
        0.0033541566226631403
    ],
    "val_mae": [
        0.09890259057283401,
        0.06440238654613495,
        0.049440883100032806,
        0.06282155960798264,
        0.08967851847410202,
        0.08512017130851746,
        0.07048475742340088,
        0.06396564096212387,
        0.058182988315820694,
        0.055597107857465744,
        0.05490117892622948,
        0.049763016402721405,
        0.04808281362056732
    ]
}