{
    "loss": [
        0.011861300095915794,
        0.007203575223684311,
        0.004591959062963724,
        0.003993770107626915,
        0.003941683564335108,
        0.0036711804568767548,
        0.003317634342238307,
        0.003248760709539056,
        0.0030178618617355824,
        0.002904261462390423,
        0.002721816999837756,
        0.0027460861019790173
    ],
    "mae": [
        0.07837554812431335,
        0.05723046883940697,
        0.0485009104013443,
        0.049530453979969025,
        0.05123153701424599,
        0.04776039347052574,
        0.04402683302760124,
        0.04285755008459091,
        0.041775938123464584,
        0.0412706583738327,
        0.04021531343460083,
        0.0398293100297451
    ],
    "val_loss": [
        0.0010582060785964131,
        0.0009283381514251232,
        0.0022529650013893843,
        0.003572355257347226,
        0.003284561214968562,
        0.002009437885135412,
        0.0014517667004838586,
        0.0013778336578980088,
        0.001502242055721581,
        0.001538367010653019,
        0.0011908465530723333,
        0.001149523537606001
    ],
    "val_mae": [
        0.022085893899202347,
        0.025867009535431862,
        0.04351499676704407,
        0.056795645505189896,
        0.054437074810266495,
        0.04135485738515854,
        0.03388074040412903,
        0.03304293751716614,
        0.035308632999658585,
        0.0360933318734169,
        0.030825026333332062,
        0.030300861224532127
    ]
}